"Treatment","gene","mean","sd","cv","DEG","change","hit_acc","hit_desc","e_value","SPID","Protein names","evalue"
"Moderate","evm.TU.HiC_scaffold_1.6",11.4726236198612,0.13325125826403,0.0116147154024427,"DEG","Up-regulated","KAF6088872.1","proprotein convertase subtilisin/kexin type 2 [Phyllostomus discolor]",2e-160,"G5ECN9","Neuroendocrine convertase 2 (NEC 2) (EC 3.4.21.94) (Egg-laying defective protein 3) (Kex2-like prohormone convertase 2) (CELPC2) (Prohormone convertase 2) (PC2) (Proprotein convertase 2)",2.48e-24
"Moderate","evm.TU.HiC_scaffold_102.215",10.0405101858049,0.243436123391602,0.0242453937983917,"DEG","Up-regulated","XP_042225013.1","paired amphipathic helix protein Sin3a-like isoform X2 [Homarus americanus]",0,"Q60520","Paired amphipathic helix protein Sin3a (Histone deacetylase complex subunit Sin3a) (Transcriptional corepressor Sin3a)",2.59e-30
"Moderate","evm.TU.HiC_scaffold_11.88",9.34995421154686,0.172817332739806,0.0184832277067606,"DEG","Up-regulated","KAG0701729.1","Longitudinals lacking protein, isoform G [Chionoecetes opilio]",9e-61,NA,NA,NA
"Moderate","evm.TU.HiC_scaffold_12.19",8.58587749162652,0.227133789139804,0.0264543477776522,"DEG","Up-regulated","KAG7171723.1","AT-rich interactive domain-containing protein 5B-like [Homarus americanus]",0,"Q9NBX4","Probable RNA-directed DNA polymerase from transposon X-element (EC 2.7.7.49) (Reverse transcriptase)",3.53e-27
"Moderate","evm.TU.HiC_scaffold_16.312",11.3153666360958,0.195723557942026,0.0172971468125188,"DEG","Up-regulated","XP_042203717.1","uncharacterized protein LOC121853564 isoform X1 [Homarus americanus]",8e-157,"Q96MW7","Tigger transposable element-derived protein 1",2.48e-74
"Moderate","evm.TU.HiC_scaffold_18.266",7.99613570006693,0.0920541727255527,0.0115123324788976,"DEG","Up-regulated","KAG0712271.1","Cullin-3 [Chionoecetes opilio]",2e-70,"Q6GPF3","Cullin-3-B (CUL-3-B)",4.43e-28
"Moderate","evm.TU.HiC_scaffold_18.293",9.20364659611596,0.164482624048742,0.0178714623960197,"DEG","Up-regulated","XP_045125989.1","uncharacterized protein LOC123513146 isoform X2 [Portunus trituberculatus]",1e-50,NA,NA,NA
"Moderate","evm.TU.HiC_scaffold_18.86",6.28614242619466,0.158512917469572,0.0252162465821711,"DEG","Up-regulated","KAG0718210.1","InaD-like protein [Chionoecetes opilio]",3e-32,NA,NA,NA
"Moderate","evm.TU.HiC_scaffold_2.244",8.36546068921855,0.203340339939416,0.0243071299350533,"DEG","Up-regulated","XP_042231781.1","nuclear migration protein nudC-like [Homarus americanus]",1e-52,NA,NA,NA
"Moderate","evm.TU.HiC_scaffold_20.148",10.0545907233729,0.285179422219657,0.0283631059747394,"DEG","Up-regulated","XP_045136288.1","protein split ends-like [Portunus trituberculatus]",0,"Q8SX83","Protein split ends",8.92e-31
"Moderate","evm.TU.HiC_scaffold_20.149",12.4562425421602,0.193546411770084,0.0155381055815984,"DEG","Up-regulated","XP_042224309.1","protein split ends-like [Homarus americanus]",0,NA,NA,NA
"Moderate","evm.TU.HiC_scaffold_20.206",11.8133962979571,0.195266234872066,0.0165292207208721,"DEG","Up-regulated","XP_045109289.1","uncharacterized protein LOC123503525 [Portunus trituberculatus]",0,NA,NA,NA
"Moderate","evm.TU.HiC_scaffold_21.201",10.4527015422637,0.299677192682502,0.0286698315713701,"DEG","Up-regulated","XP_042212343.1","ATP-dependent DNA helicase Q5-like [Homarus americanus]KAG7174421.1 ATP-dependent DNA helicase Q5-like [Homarus americanus]",0,NA,NA,NA
"Moderate","evm.TU.HiC_scaffold_21.25",8.19876117345328,0.181905590248276,0.0221869604931617,"DEG","Up-regulated","XP_042885245.1","hornerin-like isoform X4 [Penaeus japonicus]",0,"P21329","RNA-directed DNA polymerase from mobile element jockey (EC 2.7.7.49) (Reverse transcriptase)",1.39e-29
"Moderate","evm.TU.HiC_scaffold_21.266",7.07495914256888,0.203189049070563,0.0287194660740877,"DEG","Up-regulated","XP_045112009.1","nephrin-like [Portunus trituberculatus]",3e-95,NA,NA,NA
"Moderate","evm.TU.HiC_scaffold_21.29",10.3261178348341,0.309375832343738,0.0299605173301519,"DEG","Up-regulated","XP_027228590.1","uncharacterized protein LOC113820470 isoform X1 [Penaeus vannamei]",1e-19,NA,NA,NA
"Moderate","evm.TU.HiC_scaffold_22.92",9.61657785775434,0.22174552991957,0.0230586735946577,"DEG","Up-regulated","XP_042217452.1","sarcoplasmic reticulum histidine-rich calcium-binding protein-like isoform X3 [Homarus americanus]",2e-100,NA,NA,NA
"Moderate","evm.TU.HiC_scaffold_24.220",8.27926612332051,0.128512060705512,0.0155221560451508,"DEG","Up-regulated","XP_042238086.1","tectonin beta-propeller repeat-containing protein 2-like isoform X3 [Homarus americanus]",0,"O15040","Tectonin beta-propeller repeat-containing protein 2 (WD repeat-containing protein KIAA0329/KIAA0297)",4.18e-27
"Moderate","evm.TU.HiC_scaffold_26.149",10.0473732705138,0.169713202108935,0.0168913005956487,"DEG","Up-regulated","KAG7174723.1","tiptop-like [Homarus americanus]",0,"Q9U3V5","Protein tiptop",6.36e-101
"Moderate","evm.TU.HiC_scaffold_28.14",8.49442641999488,0.236556182955194,0.027848399792877,"DEG","Up-regulated","OU426870.1","Dolichovespula media genome assembly, chromosome: 20",2e-07,NA,NA,NA
"Moderate","evm.TU.HiC_scaffold_28.225",10.6843940580603,0.221331682665199,0.0207154174080865,"DEG","Up-regulated","XP_042224059.1","F-actin-monooxygenase Mical-like isoform X4 [Homarus americanus]",0,"Q9NBX4","Probable RNA-directed DNA polymerase from transposon X-element (EC 2.7.7.49) (Reverse transcriptase)",1.7e-34
"Moderate","evm.TU.HiC_scaffold_28.54",8.30925247283945,0.156624616573923,0.0188494232286098,"DEG","Up-regulated","XP_045106071.1","E3 ubiquitin-protein ligase rnf146-like [Portunus trituberculatus]",6e-73,"Q4R6P1","Protein FAM200A",5.22e-61
"Moderate","evm.TU.HiC_scaffold_29.275",14.3172720735673,0.158866150154481,0.0110961186836549,"DEG","Up-regulated","XP_042205199.1","LOW QUALITY PROTEIN: mucin-17-like [Homarus americanus]",2e-87,"Q9NBX4","Probable RNA-directed DNA polymerase from transposon X-element (EC 2.7.7.49) (Reverse transcriptase)",4.12e-28
"Moderate","evm.TU.HiC_scaffold_3.209",9.41302158776116,0.189780764017341,0.0201615137337085,"DEG","Up-regulated","XP_037787242.1","G patch domain-containing protein 2-like isoform X6 [Penaeus monodon]",9e-25,NA,NA,NA
"Moderate","evm.TU.HiC_scaffold_33.177",9.41629369293746,0.203644370468743,0.021626807437143,"DEG","Up-regulated","KAG1929371.1","immunoglobulin-like and fibronectin type III domain-containing protein [Pimephales promelas]",4e-06,NA,NA,NA
"Moderate","evm.TU.HiC_scaffold_33.79",10.4265643546819,0.216244588231053,0.0207397739921828,"DEG","Up-regulated","GFW00007.1","repetitive proline-rich cell wall protein 2 [Trichonephila clavipes]",5e-21,NA,NA,NA
"Moderate","evm.TU.HiC_scaffold_34.151",10.2448865308711,0.158522125360544,0.0154732924452473,"DEG","Up-regulated","XP_042882321.1","U1 small nuclear ribonucleoprotein 70 kDa-like [Penaeus japonicus]",2e-108,"Q9NBX4","Probable RNA-directed DNA polymerase from transposon X-element (EC 2.7.7.49) (Reverse transcriptase)",1.77e-36
"Moderate","evm.TU.HiC_scaffold_43.229",8.12774800337766,0.204250910148137,0.0251300741685466,"DEG","Up-regulated","XP_045112853.1","uncharacterized protein LOC123505524 [Portunus trituberculatus]",1e-18,NA,NA,NA
"Moderate","evm.TU.HiC_scaffold_43.268",8.68915623273039,0.230198490344188,0.0264926172551801,"DEG","Up-regulated","XP_042214716.1","septin-7-like isoform X5 [Homarus americanus]",0,"P21329","RNA-directed DNA polymerase from mobile element jockey (EC 2.7.7.49) (Reverse transcriptase)",1.11e-30
"Moderate","evm.TU.HiC_scaffold_45.209",7.88068655273828,0.195021894987597,0.024746815354537,"DEG","Up-regulated","KAG7154778.1","tramtrack-like 11 [Homarus americanus]",1e-120,NA,NA,NA
"Moderate","evm.TU.HiC_scaffold_45.30",9.179035190915,0.164322375498433,0.0179019223786256,"DEG","Up-regulated","XP_042206916.1","protein lifeguard 4-like [Homarus americanus]KAG7154772.1 lifeguard 4-like, partial [Homarus americanus]",4e-33,NA,NA,NA
"Moderate","evm.TU.HiC_scaffold_46.106",9.67197490603594,0.255970997225346,0.0264652255317168,"DEG","Up-regulated","KAG7163866.1","Zinc finger MYM-type protein 4-like 2, partial [Homarus americanus]",4e-91,"Q94HW2","Retrovirus-related Pol polyprotein from transposon RE1 (Retro element 1) (AtRE1) [Includes: Protease RE1 (EC 3.4.23.-); Reverse transcriptase RE1 (EC 2.7.7.49); Endonuclease RE1]",1.62e-33
"Moderate","evm.TU.HiC_scaffold_46.205",10.176614997785,0.219363624234576,0.0215556571887923,"DEG","Up-regulated","XP_045121976.1","ubiquitin-conjugating enzyme E2 Q2-like [Portunus trituberculatus]",0,"Q9NBX4","Probable RNA-directed DNA polymerase from transposon X-element (EC 2.7.7.49) (Reverse transcriptase)",5e-35
"Moderate","evm.TU.HiC_scaffold_47.104",7.60781672790406,0.218212822873172,0.0286827128830282,"DEG","Up-regulated","XP_042217884.1","microtubule-associated protein futsch-like [Homarus americanus]",5e-69,"P20825","Retrovirus-related Pol polyprotein from transposon 297 [Includes: Protease (EC 3.4.23.-); Reverse transcriptase (EC 2.7.7.49); Endonuclease]",2.7e-63
"Moderate","evm.TU.HiC_scaffold_47.34",10.4493864698867,0.0837117458259431,0.00801116372403162,"DEG","Up-regulated","KAG7175879.1","BCL-6 corepressor-like [Homarus americanus]",0,NA,NA,NA
"Moderate","evm.TU.HiC_scaffold_47.5",9.67239753559893,0.176391163075291,0.0182365501858344,"DEG","Up-regulated","XP_042242987.1","ras-related protein Rab-14 [Homarus americanus]",2e-131,"Q5R8Z8","Ras-related protein Rab-14",4.07e-26
"Moderate","evm.TU.HiC_scaffold_49.65",12.3498114436248,0.350665339222373,0.0283943881105482,"DEG","Up-regulated","AVN99029.1","DIS3-like exonuclease 2, partial [Procambarus clarkii]",2e-37,"P21329","RNA-directed DNA polymerase from mobile element jockey (EC 2.7.7.49) (Reverse transcriptase)",1.54e-28
"Moderate","evm.TU.HiC_scaffold_50.169",9.29683231177976,0.250435116367671,0.026937682424405,"DEG","Up-regulated","XP_042234841.1","serine/arginine repetitive matrix protein 2-like isoform X2 [Homarus americanus]",0,NA,NA,NA
"Moderate","evm.TU.HiC_scaffold_50.203",7.20311811022551,0.206078086795679,0.0286095665296855,"DEG","Up-regulated","XP_045133128.1","zinc finger protein 42-like isoform X2 [Portunus trituberculatus]",4e-84,NA,NA,NA
"Moderate","evm.TU.HiC_scaffold_50.25",8.53423721412563,0.175028873023262,0.0205090236692226,"DEG","Up-regulated","XM_043029527.1","PREDICTED: Penaeus japonicus homeobox protein extradenticle-like (LOC122261734), mRNA",1e-19,NA,NA,NA
"Moderate","evm.TU.HiC_scaffold_54.121",9.49530939042681,0.255712150419725,0.0269303652893643,"DEG","Up-regulated","QPO25082.1","ecdysone-induced protein 74EF isoform B [Callinectes arcuatus]",1e-82,"P11536","Ecdysone-induced protein 74EF isoform B (ETS-related protein E74B)",9.27e-31
"Moderate","evm.TU.HiC_scaffold_54.7",8.87905995102742,0.143907288251941,0.0162074914513094,"DEG","Up-regulated","XP_045137816.1","caveolin-3-like isoform X1 [Portunus trituberculatus]",1e-50,NA,NA,NA
"Moderate","evm.TU.HiC_scaffold_56.523",9.397181901493,0.125193323181737,0.0133224326712082,"DEG","Up-regulated","XP_045137389.1","uncharacterized protein LOC123519863 [Portunus trituberculatus]XP_045137390.1 uncharacterized protein LOC123519863 [Portunus trituberculatus]XP_045137391.1 uncharacterized protein LOC123519863 [Portunus trituberculatus]XP_045137392.1 uncharacterized protein LOC123519863 [Portunus trituberculatus]",8e-21,NA,NA,NA
"Moderate","evm.TU.HiC_scaffold_58.79",9.95330397027239,0.207151596594359,0.0208123450477409,"DEG","Up-regulated","XP_042223936.1","trichohyalin-like [Homarus americanus]",1e-10,NA,NA,NA
"Moderate","evm.TU.HiC_scaffold_65.102",12.1814196528329,0.28058943612877,0.0230342147406042,"DEG","Up-regulated","XP_042204935.1","ATP-binding cassette sub-family F member 1-like [Homarus americanus]",3e-32,"P21328","RNA-directed DNA polymerase from mobile element jockey (EC 2.7.7.49) (Reverse transcriptase)",3.45e-24
"Moderate","evm.TU.HiC_scaffold_67.1",7.80379844080432,0.183553984604029,0.0235211078292676,"DEG","Up-regulated","XP_045103939.1","intraflagellar transport protein 74 homolog isoform X2 [Portunus trituberculatus]",6e-104,"Q9NBX4","Probable RNA-directed DNA polymerase from transposon X-element (EC 2.7.7.49) (Reverse transcriptase)",2.44e-35
"Moderate","evm.TU.HiC_scaffold_7.141",7.87009504199716,0.21666668627646,0.0275303773487185,"DEG","Up-regulated","XP_042230090.1","gamma-soluble NSF attachment protein-like [Homarus americanus]",4e-141,NA,NA,NA
"Moderate","evm.TU.HiC_scaffold_72.248",9.67728213105396,0.120131656124147,0.0124137804909759,"DEG","Up-regulated","XP_042204568.1","uncharacterized protein LOC121854170 isoform X5 [Homarus americanus]",2e-41,NA,NA,NA
"Moderate","evm.TU.HiC_scaffold_72.37",10.2602055047058,0.276536544365688,0.0269523397205694,"DEG","Up-regulated","XP_042869215.1","protein Fe65 homolog isoform X2 [Penaeus japonicus]",0,NA,NA,NA
"Moderate","evm.TU.HiC_scaffold_73.179",7.9915414837566,0.190200096001465,0.0238001762723826,"DEG","Up-regulated","XP_042235188.1","raf homolog serine/threonine-protein kinase Raf-like isoform X3 [Homarus americanus]",0,"Q9NBX4","Probable RNA-directed DNA polymerase from transposon X-element (EC 2.7.7.49) (Reverse transcriptase)",8.7e-33
"Moderate","evm.TU.HiC_scaffold_76.289",8.68827935905079,0.246792273224642,0.0284051954392503,"DEG","Up-regulated","OU426861.1","Dolichovespula media genome assembly, chromosome: 11",1e-31,NA,NA,NA
"Moderate","evm.TU.HiC_scaffold_77.12",12.6014748525963,0.225252016220669,0.0178750518376236,"DEG","Up-regulated","XP_042208259.1","protein PRRC2C-like isoform X4 [Homarus americanus]",2e-81,NA,NA,NA
"Moderate","evm.TU.HiC_scaffold_78.1",10.4551731127975,0.290084533147651,0.027745550457943,"DEG","Up-regulated","XP_045128511.1","uncharacterized protein LOC123514607 [Portunus trituberculatus]",0,"Q8NFU7","Methylcytosine dioxygenase TET1 (EC 1.14.11.n2) (CXXC-type zinc finger protein 6) (Leukemia-associated protein with a CXXC domain) (Ten-eleven translocation 1 gene protein)",2.21e-35
"Moderate","evm.TU.HiC_scaffold_80.247",7.74578696684446,0.211417691869183,0.0272945399575471,"DEG","Up-regulated","XP_042215036.1","uncharacterized protein LOC121861411 isoform X2 [Homarus americanus]",4e-09,NA,NA,NA
"Moderate","evm.TU.HiC_scaffold_80.248",7.03345891428293,0.2048627594366,0.0291268864911662,"DEG","Up-regulated","XP_042223064.1","uncharacterized protein LOC121867264 [Homarus americanus]",4e-149,NA,NA,NA
"Moderate","evm.TU.HiC_scaffold_81.220",9.08567915763742,0.137548094114293,0.0151389997079822,"DEG","Up-regulated","XP_042232927.1","longitudinals lacking protein, isoforms H/M/V-like isoform X33 [Homarus americanus]",1e-59,NA,NA,NA
"Moderate","evm.TU.HiC_scaffold_81.279",10.4430455887536,0.280057019783818,0.0268175617355745,"DEG","Up-regulated","XP_042232618.1","uncharacterized protein LOC121873254 isoform X2 [Homarus americanus]",0,"Q9NBX4","Probable RNA-directed DNA polymerase from transposon X-element (EC 2.7.7.49) (Reverse transcriptase)",3.23e-37
"Moderate","evm.TU.HiC_scaffold_81.370",10.5328808789702,0.165686509351719,0.0157304075927153,"DEG","Up-regulated","RKK19744.1","Ankyrin-1 [Fusarium oxysporum f. sp. cepae]",2e-89,"Q96DM1","PiggyBac transposable element-derived protein 4",7.98e-69
"Moderate","evm.TU.HiC_scaffold_81.371",10.0792944211222,0.128916139851879,0.01279019487532,"DEG","Up-regulated","XP_042203284.1","uncharacterized protein LOC121853307 isoform X17 [Homarus americanus]XP_042203285.1 uncharacterized protein LOC121853307 isoform X17 [Homarus americanus]",3e-84,NA,NA,NA
"Moderate","evm.TU.HiC_scaffold_82.282",8.54544328909053,0.216212636580963,0.0253015120768502,"DEG","Up-regulated",NA,NA,NA,NA,NA,NA
"Moderate","evm.TU.HiC_scaffold_82.29",8.51767344323414,0.210294814045133,0.0246892318009886,"DEG","Up-regulated","XP_042208796.1","uncharacterized protein LOC121857036 isoform X1 [Homarus americanus]KAG7153870.1 Centrosome-associated zinc finger protein [Homarus americanus]",5e-51,NA,NA,NA
"Moderate","evm.TU.HiC_scaffold_84.259",8.66380811766089,0.211007332680449,0.0243550330079814,"DEG","Up-regulated","RXG54544.1","Zinc finger Y-chromosomal protein [Armadillidium vulgare]",2e-37,NA,NA,NA
"Moderate","evm.TU.HiC_scaffold_86.172",7.66207839477643,0.21513357782868,0.0280777051270248,"DEG","Up-regulated","XP_021343103.1","uncharacterized protein LOC110443278 isoform X3 [Mizuhopecten yessoensis]XP_021343111.1 uncharacterized protein LOC110443278 isoform X4 [Mizuhopecten yessoensis]",1e-26,"P21329","RNA-directed DNA polymerase from mobile element jockey (EC 2.7.7.49) (Reverse transcriptase)",9.68e-25
"Moderate","evm.TU.HiC_scaffold_86.178",7.88091550552263,0.212992227070098,0.0270263304968619,"DEG","Up-regulated","XP_042209397.1","verprolin-like isoform X6 [Homarus americanus]",2e-13,NA,NA,NA
"Moderate","evm.TU.HiC_scaffold_89.11",9.07445871116193,0.247355578447724,0.0272584389131075,"DEG","Up-regulated","XP_042862299.1","sodium-dependent phosphate transporter 2-like isoform X4 [Penaeus japonicus]",1e-80,NA,NA,NA
"Moderate","evm.TU.HiC_scaffold_9.192",11.5038358173428,0.137442285910044,0.0119475180359268,"DEG","Up-regulated","MPC09913.1","Arginine/serine-rich protein PNISR [Portunus trituberculatus]",1e-25,NA,NA,NA
"Moderate","evm.TU.HiC_scaffold_92.184",6.63791714537602,0.168024071072845,0.0253127701646428,"DEG","Up-regulated","KAG7173863.1","Calcium-dependent secretion activator 2-like [Homarus americanus]",2e-63,"Q6NT04","Tigger transposable element-derived protein 7",7.46e-92
"Moderate","evm.TU.HiC_scaffold_92.378",9.61939909752533,0.208251434327878,0.021649110533469,"DEG","Up-regulated","XP_027214058.1","ABC transporter F family member 4-like isoform X3 [Penaeus vannamei]",7e-21,"P21328","RNA-directed DNA polymerase from mobile element jockey (EC 2.7.7.49) (Reverse transcriptase)",3.48e-30
"Moderate","evm.TU.HiC_scaffold_92.44",13.7076527985097,0.409216398798261,0.0298531342173148,"DEG","Up-regulated","ROT75370.1","Remodeling and spacing factor 1 [Penaeus vannamei]",8e-138,"Q96DM1","PiggyBac transposable element-derived protein 4",2.22e-62
"Moderate","evm.TU.HiC_scaffold_97.111",7.68985885689251,0.216739302268745,0.0281850819764369,"DEG","Up-regulated","XP_042887569.1","cytoplasmic dynein 2 heavy chain 1-like [Penaeus japonicus]",0,"Q8NCM8","Cytoplasmic dynein 2 heavy chain 1 (Cytoplasmic dynein 2 heavy chain) (Dynein cytoplasmic heavy chain 2) (Dynein heavy chain 11) (hDHC11) (Dynein heavy chain isotype 1B)",1.8e-115
"Moderate","evm.TU.HiC_scaffold_97.27",11.0153368976324,0.123447715587057,0.0112068942361255,"DEG","Up-regulated","XP_021937986.1","uncharacterized transmembrane protein DDB_G0289901-like isoform X2 [Zootermopsis nevadensis]",8e-114,"Q40375","Repetitive proline-rich cell wall protein 2",2.13e-22
"Moderate","evm.TU.HiC_scaffold_98.63",12.0296616083207,0.171287703580308,0.0142387798723973,"DEG","Up-regulated","XP_042232147.1","uncharacterized protein LOC121872992 isoform X3 [Homarus americanus]",0,NA,NA,NA
"Low","evm.TU.HiC_scaffold_1.6",11.6094507981142,0.172325168576524,0.01484352460536,"DEG","Up-regulated","KAF6088872.1","proprotein convertase subtilisin/kexin type 2 [Phyllostomus discolor]",2e-160,"G5ECN9","Neuroendocrine convertase 2 (NEC 2) (EC 3.4.21.94) (Egg-laying defective protein 3) (Kex2-like prohormone convertase 2) (CELPC2) (Prohormone convertase 2) (PC2) (Proprotein convertase 2)",2.48e-24
"Low","evm.TU.HiC_scaffold_102.177",8.26226246737537,0.144504218301404,0.0174896668887,"DEG","Up-regulated","XP_042224894.1","mucin-17-like isoform X2 [Homarus americanus]",7e-21,"Q9NBX4","Probable RNA-directed DNA polymerase from transposon X-element (EC 2.7.7.49) (Reverse transcriptase)",4.03e-22
"Low","evm.TU.HiC_scaffold_102.215",10.1114337804728,0.179840624695616,0.0177858678205384,"DEG","Up-regulated","XP_042225013.1","paired amphipathic helix protein Sin3a-like isoform X2 [Homarus americanus]",0,"Q60520","Paired amphipathic helix protein Sin3a (Histone deacetylase complex subunit Sin3a) (Transcriptional corepressor Sin3a)",2.59e-30
"Low","evm.TU.HiC_scaffold_102.243",6.79437437109393,0.165439533491863,0.0243494874518118,"DEG","Up-regulated","XP_042229687.1","SWI/SNF-related matrix-associated actin-dependent regulator of chromatin subfamily A containing DEAD/H box 1 homolog [Homarus americanus]XP_042229697.1 SWI/SNF-related matrix-associated actin-dependent regulator of chromatin subfamily A containing DEAD/H box 1 homolog [Homarus americanus]",2e-18,"Q6NT04","Tigger transposable element-derived protein 7",1.3e-88
"Low","evm.TU.HiC_scaffold_11.88",9.44832798548394,0.103296095104457,0.0109327380742028,"DEG","Up-regulated","KAG0701729.1","Longitudinals lacking protein, isoform G [Chionoecetes opilio]",9e-61,NA,NA,NA
"Low","evm.TU.HiC_scaffold_12.19",8.81257133849482,0.220992248252423,0.0250769315519854,"DEG","Up-regulated","KAG7171723.1","AT-rich interactive domain-containing protein 5B-like [Homarus americanus]",0,"Q9NBX4","Probable RNA-directed DNA polymerase from transposon X-element (EC 2.7.7.49) (Reverse transcriptase)",3.53e-27
"Low","evm.TU.HiC_scaffold_13.45",7.97527111614105,0.192473636410906,0.024133804808386,"DEG","Up-regulated","XP_042212733.1","1-phosphatidylinositol 3-phosphate 5-kinase-like isoform X2 [Homarus americanus]",0,"O96838","Putative 1-phosphatidylinositol 3-phosphate 5-kinase (Phosphatidylinositol 3-phosphate 5-kinase) (EC 2.7.1.150) (Type III PIP kinase) (PIPkin-III)",1.27e-44
"Low","evm.TU.HiC_scaffold_16.312",11.4251817562123,0.258505066174336,0.0226259040503908,"DEG","Up-regulated","XP_042203717.1","uncharacterized protein LOC121853564 isoform X1 [Homarus americanus]",8e-157,"Q96MW7","Tigger transposable element-derived protein 1",2.48e-74
"Low","evm.TU.HiC_scaffold_18.266",8.15562324998665,0.164927980745871,0.020222609074805,"DEG","Up-regulated","KAG0712271.1","Cullin-3 [Chionoecetes opilio]",2e-70,"Q6GPF3","Cullin-3-B (CUL-3-B)",4.43e-28
"Low","evm.TU.HiC_scaffold_18.292",8.840559736799,0.157595387230657,0.0178264037484712,"DEG","Up-regulated","XP_042207769.1","b(0,+)-type amino acid transporter 1-like isoform X6 [Homarus americanus]",0,"Q9NBX4","Probable RNA-directed DNA polymerase from transposon X-element (EC 2.7.7.49) (Reverse transcriptase)",2.89e-34
"Low","evm.TU.HiC_scaffold_18.293",9.27255263722449,0.23301143053097,0.0251291569481688,"DEG","Up-regulated","XP_045125989.1","uncharacterized protein LOC123513146 isoform X2 [Portunus trituberculatus]",1e-50,NA,NA,NA
"Low","evm.TU.HiC_scaffold_19.37",7.88514344014447,0.173803191816891,0.022041855438169,"DEG","Up-regulated","AGW45011.1","red pigment concentrating hormone [Scylla paramamosain]",2e-06,NA,NA,NA
"Low","evm.TU.HiC_scaffold_2.244",8.52008279440424,0.140823364977539,0.0165284033472102,"DEG","Up-regulated","XP_042231781.1","nuclear migration protein nudC-like [Homarus americanus]",1e-52,NA,NA,NA
"Low","evm.TU.HiC_scaffold_20.136",8.17388571591613,0.143078392588735,0.0175043299553521,"DEG","Up-regulated","XP_042224353.1","bifunctional arginine demethylase and lysyl-hydroxylase PSR-like [Homarus americanus]KAG7167651.1 Bifunctional arginine demethylase and lysyl-hydroxylase PSR-like[Homarus americanus]",0,"Q9VD28","Bifunctional arginine demethylase and lysyl-hydroxylase PSR (EC 1.14.11.-)",1.05e-29
"Low","evm.TU.HiC_scaffold_20.148",10.0449597339882,0.209975180744982,0.0209035363312119,"DEG","Up-regulated","XP_045136288.1","protein split ends-like [Portunus trituberculatus]",0,"Q8SX83","Protein split ends",8.92e-31
"Low","evm.TU.HiC_scaffold_20.149",12.5197366931262,0.152025771669011,0.0121428888957768,"DEG","Up-regulated","XP_042224309.1","protein split ends-like [Homarus americanus]",0,NA,NA,NA
"Low","evm.TU.HiC_scaffold_20.16",8.22054569292783,0.21321643366287,0.0259370170335895,"DEG","Up-regulated","XP_042209948.1","uncharacterized protein LOC121857795 isoform X3 [Homarus americanus]",6e-28,"Q9NBX4","Probable RNA-directed DNA polymerase from transposon X-element (EC 2.7.7.49) (Reverse transcriptase)",2.7e-27
"Low","evm.TU.HiC_scaffold_20.206",11.9145782377505,0.243111518440449,0.0204045425351413,"DEG","Up-regulated","XP_045109289.1","uncharacterized protein LOC123503525 [Portunus trituberculatus]",0,NA,NA,NA
"Low","evm.TU.HiC_scaffold_21.134",5.757453012508,0.159083132635325,0.0276308173579044,"DEG","Up-regulated","KAG7162467.1","Coiled-coil domain-containing protein 50-like [Homarus americanus]",2e-64,NA,NA,NA
"Low","evm.TU.HiC_scaffold_21.201",10.5993625448874,0.209912021104876,0.0198042118302789,"DEG","Up-regulated","XP_042212343.1","ATP-dependent DNA helicase Q5-like [Homarus americanus]KAG7174421.1 ATP-dependent DNA helicase Q5-like [Homarus americanus]",0,NA,NA,NA
"Low","evm.TU.HiC_scaffold_21.25",8.20843828966365,0.19168874579303,0.0233526450499617,"DEG","Up-regulated","XP_042885245.1","hornerin-like isoform X4 [Penaeus japonicus]",0,"P21329","RNA-directed DNA polymerase from mobile element jockey (EC 2.7.7.49) (Reverse transcriptase)",1.39e-29
"Low","evm.TU.HiC_scaffold_21.266",6.98459203853104,0.162759973114014,0.023302717211848,"DEG","Up-regulated","XP_045112009.1","nephrin-like [Portunus trituberculatus]",3e-95,NA,NA,NA
"Low","evm.TU.HiC_scaffold_21.29",10.4348702602078,0.257524490172207,0.0246792230042618,"DEG","Up-regulated","XP_027228590.1","uncharacterized protein LOC113820470 isoform X1 [Penaeus vannamei]",1e-19,NA,NA,NA
"Low","evm.TU.HiC_scaffold_21.341",8.15736765818019,0.215063330651982,0.0263643052101884,"DEG","Up-regulated",NA,NA,NA,NA,NA,NA
"Low","evm.TU.HiC_scaffold_22.92",9.53318146971504,0.205065370928042,0.0215106962538679,"DEG","Up-regulated","XP_042217452.1","sarcoplasmic reticulum histidine-rich calcium-binding protein-like isoform X3 [Homarus americanus]",2e-100,NA,NA,NA
"Low","evm.TU.HiC_scaffold_24.220",8.34460688356379,0.13804069182803,0.0165425038895392,"DEG","Up-regulated","XP_042238086.1","tectonin beta-propeller repeat-containing protein 2-like isoform X3 [Homarus americanus]",0,"O15040","Tectonin beta-propeller repeat-containing protein 2 (WD repeat-containing protein KIAA0329/KIAA0297)",4.18e-27
"Low","evm.TU.HiC_scaffold_24.44",6.85682423038896,0.195297829109544,0.0284822568797954,"DEG","Up-regulated",NA,NA,NA,NA,NA,NA
"Low","evm.TU.HiC_scaffold_26.149",10.1827173166832,0.161154630275076,0.0158262893158236,"DEG","Up-regulated","KAG7174723.1","tiptop-like [Homarus americanus]",0,"Q9U3V5","Protein tiptop",6.36e-101
"Low","evm.TU.HiC_scaffold_26.264",6.90623224094593,0.176675474981296,0.0255820350109016,"DEG","Up-regulated","XP_042220917.1","dnaJ homolog subfamily C member 8-like isoform X2 [Homarus americanus]",1e-82,NA,NA,NA
"Low","evm.TU.HiC_scaffold_27.204",6.79713148040134,0.192403086954221,0.0283065124617628,"DEG","Up-regulated","XP_045129775.1","dipeptidase 1-like [Portunus trituberculatus]",1e-81,NA,NA,NA
"Low","evm.TU.HiC_scaffold_28.225",10.6640660743829,0.111818912513426,0.0104855794903631,"DEG","Up-regulated","XP_042224059.1","F-actin-monooxygenase Mical-like isoform X4 [Homarus americanus]",0,"Q9NBX4","Probable RNA-directed DNA polymerase from transposon X-element (EC 2.7.7.49) (Reverse transcriptase)",1.7e-34
"Low","evm.TU.HiC_scaffold_28.54",8.38216849084633,0.14030953238599,0.0167390493926737,"DEG","Up-regulated","XP_045106071.1","E3 ubiquitin-protein ligase rnf146-like [Portunus trituberculatus]",6e-73,"Q4R6P1","Protein FAM200A",5.22e-61
"Low","evm.TU.HiC_scaffold_29.275",14.4390753325866,0.190199091986268,0.0131725257750418,"DEG","Up-regulated","XP_042205199.1","LOW QUALITY PROTEIN: mucin-17-like [Homarus americanus]",2e-87,"Q9NBX4","Probable RNA-directed DNA polymerase from transposon X-element (EC 2.7.7.49) (Reverse transcriptase)",4.12e-28
"Low","evm.TU.HiC_scaffold_3.209",9.61811696871893,0.14349950199483,0.0149197085522598,"DEG","Up-regulated","XP_037787242.1","G patch domain-containing protein 2-like isoform X6 [Penaeus monodon]",9e-25,NA,NA,NA
"Low","evm.TU.HiC_scaffold_3.72",7.02784121295428,0.198526869410936,0.0282486276219497,"DEG","Up-regulated","XP_045127549.1","uncharacterized protein LOC123514035 isoform X2 [Portunus trituberculatus]",7e-161,"P11369","LINE-1 retrotransposable element ORF2 protein (ORF2p) (Long interspersed element-1) (L1) (Retrovirus-related Pol polyprotein LINE-1) [Includes: Reverse transcriptase (EC 2.7.7.49); Endonuclease (EC 3.1.21.-)]",9.4e-22
"Low","evm.TU.HiC_scaffold_32.217",8.12172328923599,0.242915698496382,0.0299093788159869,"DEG","Up-regulated","XP_042222529.1","voltage-dependent calcium channel subunit alpha-2/delta-3-like [Homarus americanus]",0,NA,NA,NA
"Low","evm.TU.HiC_scaffold_33.177",9.48770858224724,0.127685956513764,0.0134580394630461,"DEG","Up-regulated","KAG1929371.1","immunoglobulin-like and fibronectin type III domain-containing protein [Pimephales promelas]",4e-06,NA,NA,NA
"Low","evm.TU.HiC_scaffold_33.79",10.510821223474,0.118701106119065,0.0112932285304185,"DEG","Up-regulated","GFW00007.1","repetitive proline-rich cell wall protein 2 [Trichonephila clavipes]",5e-21,NA,NA,NA
"Low","evm.TU.HiC_scaffold_34.151",10.2152434378552,0.143899499859316,0.0140867421060236,"DEG","Up-regulated","XP_042882321.1","U1 small nuclear ribonucleoprotein 70 kDa-like [Penaeus japonicus]",2e-108,"Q9NBX4","Probable RNA-directed DNA polymerase from transposon X-element (EC 2.7.7.49) (Reverse transcriptase)",1.77e-36
"Low","evm.TU.HiC_scaffold_34.46",8.5689187033581,0.194520561639858,0.0227007127006149,"DEG","Up-regulated","XP_027227016.1","epidermal growth factor receptor substrate 15-like 1 isoform X3 [Penaeus vannamei]",0,NA,NA,NA
"Low","evm.TU.HiC_scaffold_37.38",14.214683296152,0.379658847998374,0.0267089206342817,"DEG","Up-regulated","XP_042206002.1","trichohyalin-like [Homarus americanus]",0,"Q9NBX4","Probable RNA-directed DNA polymerase from transposon X-element (EC 2.7.7.49) (Reverse transcriptase)",9.21e-22
"Low","evm.TU.HiC_scaffold_43.229",8.30434304309371,0.236314813363104,0.0284567740201478,"DEG","Up-regulated","XP_045112853.1","uncharacterized protein LOC123505524 [Portunus trituberculatus]",1e-18,NA,NA,NA
"Low","evm.TU.HiC_scaffold_43.268",8.51542776082577,0.181578374323401,0.0213234589527881,"DEG","Up-regulated","XP_042214716.1","septin-7-like isoform X5 [Homarus americanus]",0,"P21329","RNA-directed DNA polymerase from mobile element jockey (EC 2.7.7.49) (Reverse transcriptase)",1.11e-30
"Low","evm.TU.HiC_scaffold_43.298",9.22005198941076,0.212826957254571,0.0230830539240996,"DEG","Up-regulated",NA,NA,NA,"Q8I7P9","Retrovirus-related Pol polyprotein from transposon opus [Includes: Protease (EC 3.4.23.-); Reverse transcriptase (EC 2.7.7.49); Endonuclease]",4.31e-26
"Low","evm.TU.HiC_scaffold_45.209",7.7385561384346,0.190871540601052,0.024665006906529,"DEG","Up-regulated","KAG7154778.1","tramtrack-like 11 [Homarus americanus]",1e-120,NA,NA,NA
"Low","evm.TU.HiC_scaffold_45.30",9.39724461124584,0.141927353087005,0.0151030816966452,"DEG","Up-regulated","XP_042206916.1","protein lifeguard 4-like [Homarus americanus]KAG7154772.1 lifeguard 4-like, partial [Homarus americanus]",4e-33,NA,NA,NA
"Low","evm.TU.HiC_scaffold_46.106",9.81437683935249,0.138187537714392,0.0140801132844527,"DEG","Up-regulated","KAG7163866.1","Zinc finger MYM-type protein 4-like 2, partial [Homarus americanus]",4e-91,"Q94HW2","Retrovirus-related Pol polyprotein from transposon RE1 (Retro element 1) (AtRE1) [Includes: Protease RE1 (EC 3.4.23.-); Reverse transcriptase RE1 (EC 2.7.7.49); Endonuclease RE1]",1.62e-33
"Low","evm.TU.HiC_scaffold_46.205",10.2803522595821,0.184797873016998,0.0179758308227961,"DEG","Up-regulated","XP_045121976.1","ubiquitin-conjugating enzyme E2 Q2-like [Portunus trituberculatus]",0,"Q9NBX4","Probable RNA-directed DNA polymerase from transposon X-element (EC 2.7.7.49) (Reverse transcriptase)",5e-35
"Low","evm.TU.HiC_scaffold_47.104",7.4742000585072,0.123154475864961,0.0164772784914668,"DEG","Up-regulated","XP_042217884.1","microtubule-associated protein futsch-like [Homarus americanus]",5e-69,"P20825","Retrovirus-related Pol polyprotein from transposon 297 [Includes: Protease (EC 3.4.23.-); Reverse transcriptase (EC 2.7.7.49); Endonuclease]",2.7e-63
"Low","evm.TU.HiC_scaffold_47.34",10.5342277172359,0.137694512396034,0.0130711539651588,"DEG","Up-regulated","KAG7175879.1","BCL-6 corepressor-like [Homarus americanus]",0,NA,NA,NA
"Low","evm.TU.HiC_scaffold_47.5",9.76240969279367,0.136611067292056,0.0139935806415601,"DEG","Up-regulated","XP_042242987.1","ras-related protein Rab-14 [Homarus americanus]",2e-131,"Q5R8Z8","Ras-related protein Rab-14",4.07e-26
"Low","evm.TU.HiC_scaffold_49.275",10.2433939103569,0.281620424647879,0.0274928824481831,"DEG","Up-regulated","XP_045106764.1","uncharacterized protein LOC123501812 isoform X2 [Portunus trituberculatus]XP_045106765.1 uncharacterized protein LOC123501812 isoform X2 [Portunus trituberculatus]",3e-46,"Q95SX7","Probable RNA-directed DNA polymerase from transposon BS (EC 2.7.7.49) (Reverse transcriptase)",7.72e-26
"Low","evm.TU.HiC_scaffold_5.29",11.9932869425641,0.278486349814202,0.0232201856878664,"DEG","Up-regulated","XP_027224415.1","uncharacterized protein LOC113816574 [Penaeus vannamei]",1e-155,NA,NA,NA
"Low","evm.TU.HiC_scaffold_50.178",8.03304924900969,0.11129523013348,0.0138546679702232,"DEG","Up-regulated","XP_042230941.1","uncharacterized protein LOC121872307 isoform X3 [Homarus americanus]",3e-08,"Q9NBX4","Probable RNA-directed DNA polymerase from transposon X-element (EC 2.7.7.49) (Reverse transcriptase)",2.63e-26
"Low","evm.TU.HiC_scaffold_50.203",7.26513065669114,0.1650768228759,0.0227217968508061,"DEG","Up-regulated","XP_045133128.1","zinc finger protein 42-like isoform X2 [Portunus trituberculatus]",4e-84,NA,NA,NA
"Low","evm.TU.HiC_scaffold_50.25",8.6485587620663,0.210275718679509,0.0243133826646129,"DEG","Up-regulated","XM_043029527.1","PREDICTED: Penaeus japonicus homeobox protein extradenticle-like (LOC122261734), mRNA",1e-19,NA,NA,NA
"Low","evm.TU.HiC_scaffold_50.314",7.77393646349952,0.180728244131594,0.0232479703146735,"DEG","Up-regulated","XP_045126492.1","homeobox protein extradenticle-like isoform X6 [Portunus trituberculatus]",6e-60,NA,NA,NA
"Low","evm.TU.HiC_scaffold_52.326",7.17456754954004,0.189143175268108,0.0263630071028092,"DEG","Up-regulated","XP_042209497.1","diphosphoinositol polyphosphate phosphohydrolase 1-like isoform X2 [Homarus americanus]",2e-37,NA,NA,NA
"Low","evm.TU.HiC_scaffold_54.121",9.28836503188851,0.170224908276134,0.0183266815733149,"DEG","Up-regulated","QPO25082.1","ecdysone-induced protein 74EF isoform B [Callinectes arcuatus]",1e-82,"P11536","Ecdysone-induced protein 74EF isoform B (ETS-related protein E74B)",9.27e-31
"Low","evm.TU.HiC_scaffold_56.107",7.22830246917306,0.198574762067123,0.0274718390540511,"DEG","Up-regulated","AYD41595.1","TNFSF, partial [Procambarus clarkii]",2e-30,NA,NA,NA
"Low","evm.TU.HiC_scaffold_56.523",9.48910383483945,0.130334597433851,0.0137351850820016,"DEG","Up-regulated","XP_045137389.1","uncharacterized protein LOC123519863 [Portunus trituberculatus]XP_045137390.1 uncharacterized protein LOC123519863 [Portunus trituberculatus]XP_045137391.1 uncharacterized protein LOC123519863 [Portunus trituberculatus]XP_045137392.1 uncharacterized protein LOC123519863 [Portunus trituberculatus]",8e-21,NA,NA,NA
"Low","evm.TU.HiC_scaffold_56.554",9.71705440148625,0.171477048752239,0.0176470195253832,"DEG","Up-regulated","XP_040275439.1","keratin-associated protein 10-4-like [Bufo bufo]",2e-26,NA,NA,NA
"Low","evm.TU.HiC_scaffold_57.298",8.11573262844996,0.225015568252063,0.027725847875183,"DEG","Up-regulated","XM_043014741.1","PREDICTED: Penaeus japonicus uncharacterized protein C1orf131 homolog (LOC122252323), mRNA",9e-13,NA,NA,NA
"Low","evm.TU.HiC_scaffold_57.35",6.9720960462525,0.176945785067437,0.0253791376213966,"DEG","Up-regulated","XP_042226581.1","G protein-coupled receptor kinase 2-like isoform X2 [Homarus americanus]",0,"P32866","G protein-coupled receptor kinase 2 (EC 2.7.11.16)",3.26e-26
"Low","evm.TU.HiC_scaffold_58.79",10.1180298645542,0.1881510680074,0.0185956229153402,"DEG","Up-regulated","XP_042223936.1","trichohyalin-like [Homarus americanus]",1e-10,NA,NA,NA
"Low","evm.TU.HiC_scaffold_60.239",9.81844291790839,0.269859464255864,0.0274849552533073,"DEG","Up-regulated","XP_027222155.1","GRIP and coiled-coil domain-containing protein 2-like isoform X2 [Penaeus vannamei]",4e-136,NA,NA,NA
"Low","evm.TU.HiC_scaffold_60.331",9.34512050539957,0.238121512769217,0.0254808391857153,"DEG","Up-regulated","XP_042212297.1","fibronectin type-III domain-containing protein 3A-like isoform X1 [Homarus americanus]",0,"Q9NBX4","Probable RNA-directed DNA polymerase from transposon X-element (EC 2.7.7.49) (Reverse transcriptase)",1.31e-33
"Low","evm.TU.HiC_scaffold_60.382",8.051892378745,0.191361578676675,0.0237660378052024,"DEG","Up-regulated","XP_042209684.1","probable nuclear hormone receptor HR3 isoform X2 [Homarus americanus]",0,"P11369","LINE-1 retrotransposable element ORF2 protein (ORF2p) (Long interspersed element-1) (L1) (Retrovirus-related Pol polyprotein LINE-1) [Includes: Reverse transcriptase (EC 2.7.7.49); Endonuclease (EC 3.1.21.-)]",2.06e-25
"Low","evm.TU.HiC_scaffold_60.7",6.5507916348423,0.159114106700334,0.02428929441963,"DEG","Up-regulated","XP_042233604.1","ankyrin repeat and sterile alpha motif domain-containing protein 1B-like isoform X1 [Homarus americanus]",1e-13,NA,NA,NA
"Low","evm.TU.HiC_scaffold_65.102",12.3426513349398,0.194925006106594,0.0157927985500811,"DEG","Up-regulated","XP_042204935.1","ATP-binding cassette sub-family F member 1-like [Homarus americanus]",3e-32,"P21328","RNA-directed DNA polymerase from mobile element jockey (EC 2.7.7.49) (Reverse transcriptase)",3.45e-24
"Low","evm.TU.HiC_scaffold_65.157",8.72786278365051,0.231726870298083,0.0265502421431471,"DEG","Up-regulated","XP_042210381.1","formin-binding protein 1 homolog isoform X5 [Homarus americanus]",2e-180,"Q96MW7","Tigger transposable element-derived protein 1",6.76e-40
"Low","evm.TU.HiC_scaffold_67.1",7.64012931182862,0.216276605580863,0.0283079770974581,"DEG","Up-regulated","XP_045103939.1","intraflagellar transport protein 74 homolog isoform X2 [Portunus trituberculatus]",6e-104,"Q9NBX4","Probable RNA-directed DNA polymerase from transposon X-element (EC 2.7.7.49) (Reverse transcriptase)",2.44e-35
"Low","evm.TU.HiC_scaffold_69.246",8.27312824607153,0.218063419817022,0.0263580369276361,"DEG","Up-regulated","VDI19208.1","Ca2+-transporting ATPase, partial [Mytilus galloprovincialis]",1e-13,NA,NA,NA
"Low","evm.TU.HiC_scaffold_7.141",7.96351691825325,0.168656025335358,0.0211785856759819,"DEG","Up-regulated","XP_042230090.1","gamma-soluble NSF attachment protein-like [Homarus americanus]",4e-141,NA,NA,NA
"Low","evm.TU.HiC_scaffold_7.74",6.51089619577638,0.155572010423685,0.0238941008650398,"DEG","Up-regulated","XP_022527295.1","uncharacterized protein LOC111193008 [Astyanax mexicanus]",5e-98,NA,NA,NA
"Low","evm.TU.HiC_scaffold_71.143",9.10634835237085,0.151524557837395,0.0166394422851115,"DEG","Up-regulated","XP_045112568.1","protein draper-like isoform X14 [Portunus trituberculatus]",0,"P21328","RNA-directed DNA polymerase from mobile element jockey (EC 2.7.7.49) (Reverse transcriptase)",2.15e-39
"Low","evm.TU.HiC_scaffold_72.248",9.73692857084377,0.132416239695523,0.0135993849325372,"DEG","Up-regulated","XP_042204568.1","uncharacterized protein LOC121854170 isoform X5 [Homarus americanus]",2e-41,NA,NA,NA
"Low","evm.TU.HiC_scaffold_72.37",10.2644949084657,0.184613643719242,0.017985653007337,"DEG","Up-regulated","XP_042869215.1","protein Fe65 homolog isoform X2 [Penaeus japonicus]",0,NA,NA,NA
"Low","evm.TU.HiC_scaffold_73.179",8.21194395187464,0.173323119396624,0.0211062228885595,"DEG","Up-regulated","XP_042235188.1","raf homolog serine/threonine-protein kinase Raf-like isoform X3 [Homarus americanus]",0,"Q9NBX4","Probable RNA-directed DNA polymerase from transposon X-element (EC 2.7.7.49) (Reverse transcriptase)",8.7e-33
"Low","evm.TU.HiC_scaffold_73.8",7.77488311398587,0.147399392922504,0.0189584062887523,"DEG","Up-regulated","XP_027234648.1","N-myc protein-like [Penaeus vannamei]",2e-20,NA,NA,NA
"Low","evm.TU.HiC_scaffold_76.289",8.77593921564223,0.209255037364091,0.0238441757881726,"DEG","Up-regulated","OU426861.1","Dolichovespula media genome assembly, chromosome: 11",1e-31,NA,NA,NA
"Low","evm.TU.HiC_scaffold_77.12",12.6490233152009,0.14690708194438,0.0116141047639493,"DEG","Up-regulated","XP_042208259.1","protein PRRC2C-like isoform X4 [Homarus americanus]",2e-81,NA,NA,NA
"Low","evm.TU.HiC_scaffold_78.1",10.4579319301618,0.199991449941779,0.0191234224201615,"DEG","Up-regulated","XP_045128511.1","uncharacterized protein LOC123514607 [Portunus trituberculatus]",0,"Q8NFU7","Methylcytosine dioxygenase TET1 (EC 1.14.11.n2) (CXXC-type zinc finger protein 6) (Leukemia-associated protein with a CXXC domain) (Ten-eleven translocation 1 gene protein)",2.21e-35
"Low","evm.TU.HiC_scaffold_78.13",9.01617760694821,0.243107164492126,0.0269634400618704,"DEG","Up-regulated","KAG7160695.1","Rho guanine nucleotide exchange factor 4-like [Homarus americanus]",0,"Q5DU57","Spermatogenesis-associated protein 13 (APC-stimulated guanine nucleotide exchange factor 2) (Asef2)",6.94e-25
"Low","evm.TU.HiC_scaffold_78.9",10.562423050551,0.306330741687231,0.0290019383072571,"DEG","Up-regulated","XP_045129575.1","serine/arginine repetitive matrix protein 2-like isoform X4 [Portunus trituberculatus]",7e-39,NA,NA,NA
"Low","evm.TU.HiC_scaffold_79.21",6.98150329567862,0.198508029972811,0.0284334220819866,"DEG","Up-regulated","XP_042867903.1","F-box/LRR-repeat protein 16-like [Penaeus japonicus]",2e-31,"Q8N461","F-box/LRR-repeat protein 16 (F-box and leucine-rich repeat protein 16)",2.93e-24
"Low","evm.TU.HiC_scaffold_79.258",7.42399293638904,0.158282766827237,0.0213204360757682,"DEG","Up-regulated","XP_042875645.1","insulin gene enhancer protein ISL-1-like isoform X3 [Penaeus japonicus]",3e-144,"Q9NBX4","Probable RNA-directed DNA polymerase from transposon X-element (EC 2.7.7.49) (Reverse transcriptase)",4.95e-29
"Low","evm.TU.HiC_scaffold_81.220",9.1696271153271,0.127733261400382,0.01393003878935,"DEG","Up-regulated","XP_042232927.1","longitudinals lacking protein, isoforms H/M/V-like isoform X33 [Homarus americanus]",1e-59,NA,NA,NA
"Low","evm.TU.HiC_scaffold_81.223",7.62387970995127,0.177250310584566,0.0232493582438356,"DEG","Up-regulated",NA,NA,NA,"P21328","RNA-directed DNA polymerase from mobile element jockey (EC 2.7.7.49) (Reverse transcriptase)",6.2e-21
"Low","evm.TU.HiC_scaffold_81.242",8.23826698796517,0.195663393080567,0.0237505525575223,"DEG","Up-regulated","XP_042235396.1","uncharacterized protein LOC121875105 isoform X1 [Homarus americanus]XP_042235397.1 uncharacterized protein LOC121875105 isoform X1 [Homarus americanus]",3e-144,"Q95SX7","Probable RNA-directed DNA polymerase from transposon BS (EC 2.7.7.49) (Reverse transcriptase)",1.41e-26
"Low","evm.TU.HiC_scaffold_81.279",10.3457290624325,0.203491502101029,0.0196691311818662,"DEG","Up-regulated","XP_042232618.1","uncharacterized protein LOC121873254 isoform X2 [Homarus americanus]",0,"Q9NBX4","Probable RNA-directed DNA polymerase from transposon X-element (EC 2.7.7.49) (Reverse transcriptase)",3.23e-37
"Low","evm.TU.HiC_scaffold_81.370",10.5664928361063,0.241361435406664,0.0228421519940768,"DEG","Up-regulated","RKK19744.1","Ankyrin-1 [Fusarium oxysporum f. sp. cepae]",2e-89,"Q96DM1","PiggyBac transposable element-derived protein 4",7.98e-69
"Low","evm.TU.HiC_scaffold_81.371",10.1339796392561,0.202667573922405,0.0199988140036645,"DEG","Up-regulated","XP_042203284.1","uncharacterized protein LOC121853307 isoform X17 [Homarus americanus]XP_042203285.1 uncharacterized protein LOC121853307 isoform X17 [Homarus americanus]",3e-84,NA,NA,NA
"Low","evm.TU.HiC_scaffold_82.108",9.04146220612375,0.175414608630977,0.0194011327628146,"DEG","Up-regulated","BX682542.5","Mouse DNA sequence from clone RP23-125N5 on chromosome 4, complete sequence",1e-16,NA,NA,NA
"Low","evm.TU.HiC_scaffold_82.282",8.73489016416738,0.213953236771192,0.0244940958329252,"DEG","Up-regulated",NA,NA,NA,NA,NA,NA
"Low","evm.TU.HiC_scaffold_84.131",7.73134658112418,0.221559269000254,0.0286572677444294,"DEG","Up-regulated","XP_045119375.1","zinc finger protein 585A-like [Portunus trituberculatus]",4e-79,"A1YG88","Zinc finger protein 16",2.07e-67
"Low","evm.TU.HiC_scaffold_84.158",11.0144859668856,0.290188922241085,0.0263461157527931,"DEG","Up-regulated","XP_042207507.1","uncharacterized protein LOC121856216 isoform X2 [Homarus americanus]",2e-78,NA,NA,NA
"Low","evm.TU.HiC_scaffold_84.204",8.7307438891993,0.144416755706766,0.0165411742160278,"DEG","Up-regulated","XP_037798963.1","probable ATP-dependent RNA helicase DDX20 [Penaeus monodon]",0,"P0C218","Probable ATP-dependent RNA helicase DDX20 (EC 3.6.4.13) (DEAD box protein 20)",1.69e-123
"Low","evm.TU.HiC_scaffold_84.259",8.89253536847801,0.14625893590748,0.0164473830968313,"DEG","Up-regulated","RXG54544.1","Zinc finger Y-chromosomal protein [Armadillidium vulgare]",2e-37,NA,NA,NA
"Low","evm.TU.HiC_scaffold_86.23",6.76979896220119,0.195310002299924,0.0288501923602793,"DEG","Up-regulated","XM_045269593.1","PREDICTED: Portunus trituberculatus zinc finger homeobox protein 3-like (LOC123512923), transcript variant X7, mRNA",7e-41,NA,NA,NA
"Low","evm.TU.HiC_scaffold_89.11",9.38054293821231,0.223285054854305,0.0238029990721259,"DEG","Up-regulated","XP_042862299.1","sodium-dependent phosphate transporter 2-like isoform X4 [Penaeus japonicus]",1e-80,NA,NA,NA
"Low","evm.TU.HiC_scaffold_9.192",11.5408475418543,0.103444681291534,0.00896335220757223,"DEG","Up-regulated","MPC09913.1","Arginine/serine-rich protein PNISR [Portunus trituberculatus]",1e-25,NA,NA,NA
"Low","evm.TU.HiC_scaffold_90.171",8.24040006530208,0.221331502432242,0.0268593151641028,"DEG","Up-regulated","XP_027214336.1","LOW QUALITY PROTEIN: integrin alpha-PS1-like [Penaeus vannamei]",0,"Q24247","Integrin alpha-PS1 (Position-specific antigen subunit alpha-1) (Protein multiple edematous wings) [Cleaved into: Integrin alpha-PS1 heavy chain; Integrin alpha-PS1 light chain]",1.83e-28
"Low","evm.TU.HiC_scaffold_90.281",7.12720518708691,0.174501053637611,0.0244837982150103,"DEG","Up-regulated","XP_042213164.1","uncharacterized protein LOC121860174 [Homarus americanus]KAG7173652.1 serine/threonine-protein kinase Nek1-like 3 [Homarus americanus]",0,"P51954","Serine/threonine-protein kinase Nek1 (EC 2.7.11.1) (Never in mitosis A-related kinase 1) (NimA-related protein kinase 1)",1.06e-90
"Low","evm.TU.HiC_scaffold_92.378",9.77340720496256,0.183829033428424,0.0188091040896242,"DEG","Up-regulated","XP_027214058.1","ABC transporter F family member 4-like isoform X3 [Penaeus vannamei]",7e-21,"P21328","RNA-directed DNA polymerase from mobile element jockey (EC 2.7.7.49) (Reverse transcriptase)",3.48e-30
"Low","evm.TU.HiC_scaffold_92.44",13.8770642918842,0.364360370109608,0.0262563005002939,"DEG","Up-regulated","ROT75370.1","Remodeling and spacing factor 1 [Penaeus vannamei]",8e-138,"Q96DM1","PiggyBac transposable element-derived protein 4",2.22e-62
"Low","evm.TU.HiC_scaffold_94.42",7.25374294392545,0.208606344141261,0.0287584417801786,"DEG","Up-regulated","XP_045127735.1","rho GTPase-activating protein 190-like [Portunus trituberculatus]",0,"Q9VX32","Rho GTPase-activating protein 190 (Rho GTPase-activating protein of 190 kDa)",1.14e-31
"Low","evm.TU.HiC_scaffold_95.204",7.89032091235133,0.216990232270768,0.0275008120304836,"DEG","Up-regulated","XP_042864680.1","uncharacterized protein LOC122248622 isoform X1 [Penaeus japonicus]XP_042864681.1 uncharacterized protein LOC122248622 isoform X1 [Penaeus japonicus]",1e-101,NA,NA,NA
"Low","evm.TU.HiC_scaffold_97.27",11.1702432557258,0.148519781447096,0.0132960203324995,"DEG","Up-regulated","XP_021937986.1","uncharacterized transmembrane protein DDB_G0289901-like isoform X2 [Zootermopsis nevadensis]",8e-114,"Q40375","Repetitive proline-rich cell wall protein 2",2.13e-22
"Low","evm.TU.HiC_scaffold_98.63",12.0347004189751,0.154288083858741,0.0128202679325092,"DEG","Up-regulated","XP_042232147.1","uncharacterized protein LOC121872992 isoform X3 [Homarus americanus]",0,NA,NA,NA
